Source File	Size	loadResources	load	generateSnapshots	load-configure	scan	loadDepInfo	loadInfo	checkR4R4B	generateNarratives	validate	loadLists	checkConformanceResources	checkConformanceResources2	checkConformanceResources3	generateLogicalMaps	validateExpressions	scanForUsageStats	checkURLsUnique	processProvenanceDetails	generate1	generate2	generateLogicals	makeDependencies	generateExampleZip	generateValidationPack	scanProfilesForR5	scanExamplesForR5
/fsh-generated/resources/ImplementationGuide-smart.who.int.refmart.json	10874	-	0	0	0	0	0	0	9	198	0	0	0	0	0	0	0	0	0	0	87	68	0	0	0	5	0	1
fsh-generated/resources/CodeSystem-COUNTRYISO2.json	26180	29	0	0	1	0	0	0	4	53	0	0	1	0	0	0	0	1	0	0	94	3561	0	0	0	13	0	0
fsh-generated/resources/CodeSystem-COUNTRYISO3.json	26425	29	0	0	0	0	0	0	3	23	0	0	0	0	0	0	0	1	0	0	90	173	0	0	0	12	0	1
fsh-generated/resources/CodeSystem-COUNTRYM49.json	26417	36	0	0	1	0	0	0	1	29	0	0	0	0	0	0	0	0	0	0	115	160	0	0	0	9	0	0
fsh-generated/resources/ConceptMap-ISO3toISO2.json	45007	29	0	0	0	0	0	0	2	204	0	0	0	0	0	0	0	1	0	0	161	116	0	0	0	6	0	0
fsh-generated/resources/ConceptMap-M49toISO3.json	45251	37	0	0	0	0	0	0	3	101	0	0	0	0	0	0	0	0	0	0	114	72	0	0	0	5	0	1
fsh-generated/resources/ValueSet-COUNTRYISO2.json	521	32	0	0	0	0	0	0	0	72	0	0	0	0	0	0	0	0	0	0	19	593	0	0	0	1	0	0
fsh-generated/resources/ValueSet-COUNTRYISO3.json	521	28	0	0	1	0	0	0	0	23	0	0	0	0	0	0	0	0	0	0	11	435	0	0	0	0	0	0
fsh-generated/resources/ValueSet-COUNTRYM49.json	514	31	0	0	0	0	0	0	0	28	0	0	0	0	0	0	0	0	0	0	12	399	0	0	0	0	0	0
